trp_unarmed_troop|Unarmed Troop
trp_unarmed_troop_pl|Unarmed Troops
trp_tutorial_maceman|Maceman
trp_tutorial_maceman_pl|Macemen
trp_tutorial_archer|Archer
trp_tutorial_archer_pl|Archers
trp_tutorial_swordsman|Swordsman
trp_tutorial_swordsman_pl|Swordsmen
trp_novice_fighter|Novice Fighter
trp_novice_fighter_pl|Novice Fighters
trp_regular_fighter|Regular Fighter
trp_regular_fighter_pl|Regular Fighters
trp_veteran_fighter|Veteran Fighter
trp_veteran_fighter_pl|Veteran Fighters
trp_champion_fighter|Champion Fighter
trp_champion_fighter_pl|Champion Fighters
trp_arena_training_fighter_1|Novice Fighter
trp_arena_training_fighter_1_pl|Novice Fighters
trp_arena_training_fighter_2|Novice Fighter
trp_arena_training_fighter_2_pl|Novice Fighters
trp_arena_training_fighter_3|Regular Fighter
trp_arena_training_fighter_3_pl|Regular Fighters
trp_arena_training_fighter_4|Regular Fighter
trp_arena_training_fighter_4_pl|Regular Fighters
trp_arena_training_fighter_5|Regular Fighter
trp_arena_training_fighter_5_pl|Regular Fighters
trp_arena_training_fighter_6|Veteran Fighter
trp_arena_training_fighter_6_pl|Veteran Fighters
trp_arena_training_fighter_7|Veteran Fighter
trp_arena_training_fighter_7_pl|Veteran Fighters
trp_arena_training_fighter_8|Veteran Fighter
trp_arena_training_fighter_8_pl|Veteran Fighters
trp_arena_training_fighter_9|Champion Fighter
trp_arena_training_fighter_9_pl|Champion Fighters
trp_arena_training_fighter_10|Champion Fighter
trp_arena_training_fighter_10_pl|Champion Fighters
trp_cattle|Cattle
trp_cattle_pl|Cattle
trp_farmer|Farmer
trp_farmer_pl|Farmers
trp_townsman|Townsman
trp_townsman_pl|Townsmen
trp_watchman|Watchman
trp_watchman_pl|Watchmen
trp_woodmen_youth|Woodman
trp_woodmen_youth_pl|Woodmen
trp_woodmen_forester|Woodmen Forester
trp_woodmen_forester_pl|Woodmen Foresters
trp_woodmen_skilled_forester|Woodmen Skilled Forester
trp_woodmen_skilled_forester_pl|Woodmen Skilled Foresters
trp_woodmen_axemen|Woodmen Axeman
trp_woodmen_axemen_pl|Woodmen Axemen
trp_woodmen_master_axemen|Woodmen Master Axeman
trp_woodmen_master_axemen_pl|Woodmen Master Axemen
trp_woodmen_tracker|Woodmen Tracker
trp_woodmen_tracker_pl|Woodmen Trackers
trp_woodmen_scout|Woodmen Scout
trp_woodmen_scout_pl|Woodmen Scouts
trp_woodmen_archer|Woodmen Archer
trp_woodmen_archer_pl|Woodmen Archers
trp_fell_huntsmen_of_mirkwood|Expert Huntsman of Mirkwood
trp_fell_huntsmen_of_mirkwood_pl|Expert Huntsmen of Mirkwood
trp_beorning_vale_man|Beorning Man
trp_beorning_vale_man_pl|Beorning Men
trp_beorning_warrior|Beorning Warrior
trp_beorning_warrior_pl|Beorning Warriors
trp_beorning_tolltacker|Beorning Tolltacker
trp_beorning_tolltacker_pl|Beorning Tolltackers
trp_beorning_sentinel|Beorning Sentinel
trp_beorning_sentinel_pl|Beorning Sentinels
trp_beorning_warden_of_the_ford|Beorning Warden of the Ford
trp_beorning_warden_of_the_ford_pl|Beorning Warden of the Ford
trp_beorning_carrock_lookout|Beorning Carrock Lookout
trp_beorning_carrock_lookout_pl|Beorning Carrock Lookouts
trp_beorning_carrock_fighter|Beorning Carrock Fighter
trp_beorning_carrock_fighter_pl|Beorning Carrock Fighters
trp_beorning_carrock_berserker|Beorning Carrock Berserker
trp_beorning_carrock_berserker_pl|Beorning Carrock Berserkers
trp_dale_militia|Dale Militiaman
trp_dale_militia_pl|Dale Militia
trp_dale_man_at_arms|Dale Man-at-Arms
trp_dale_man_at_arms_pl|Dale Men-at-Arms
trp_laketown_scout|Laketown Scout
trp_laketown_scout_pl|Laketown Scouts
trp_laketown_bowmen|Laketown Bowman
trp_laketown_bowmen_pl|Laketown Bowmen
trp_laketown_archer|Laketown Archer
trp_laketown_archer_pl|Laketown Archers
trp_barding_bowmen_of_esgaroth|Barding Bowman of Esgaroth
trp_barding_bowmen_of_esgaroth_pl|Barding Bowmen of Esgaroth
trp_dale_warrior|Dale Warrior
trp_dale_warrior_pl|Dale Warriors
trp_dale_veteran_warrior|Dale Veteran Warrior
trp_dale_veteran_warrior_pl|Dale Veteran Warriors
trp_dale_marchwarden|Marchwarden of Dale
trp_dale_marchwarden_pl|Marchwardens of Dale
trp_dale_pikeman|Dale Spearman
trp_dale_pikeman_pl|Dale Spearmen
trp_dale_billman|Dale Billman
trp_dale_billman_pl|Dale Billmen
trp_dale_bill_master|Dale Bill Master
trp_dale_bill_master_pl|Dale Bill Masters
trp_merchant_squire_or_dale|Merchant Squire of Dale
trp_merchant_squire_or_dale_pl|Merchant Squires of Dale
trp_merchant_guard_of_dale|Merchant Guard of Dale
trp_merchant_guard_of_dale_pl|Merchant Guards of Dale
trp_merchant_protector_of_dale|Merchant Protector of Dale
trp_merchant_protector_of_dale_pl|Merchant Protectors of Dale
trp_girions_guard_of_dale|Girion's Guard of Dale
trp_girions_guard_of_dale_pl|Girion's Gaurds of Dale
trp_rhun_tribesman|Rhun Tribesman
trp_rhun_tribesman_pl|Rhun Tribesmen
trp_rhun_horse_scout|Rhun Horse Scout
trp_rhun_horse_scout_pl|Rhun Horse Scouts
trp_rhun_horse_archer|Rhun Horse Archer
trp_rhun_horse_archer_pl|Rhun Horse Archers
trp_rhun_veteran_horse_archer|Rhun Veteran Horse Archer
trp_rhun_veteran_horse_archer_pl|Rhun Veteran Horse Archers
trp_fell_balchoth_horse_archer|Balchoth Horse Archer
trp_fell_balchoth_horse_archer_pl|Balchoth Horse Archers
trp_rhun_swift_horseman|Rhun Swift Horseman
trp_rhun_swift_horseman_pl|Rhun Swift Horsemen
trp_rhun_veteran_swift_horseman|Rhun Veteran Swift Horseman
trp_rhun_veteran_swift_horseman_pl|Rhun Veteran Swift Horsemen
trp_falcon_horseman|Falcon Horseman
trp_falcon_horseman_pl|Falcon Horsemen
trp_rhun_tribal_warrior|Rhun Tribal Warrior
trp_rhun_tribal_warrior_pl|Rhun Tribal Warriors
trp_rhun_tribal_infantry|Rhun Tribal Infantryman
trp_rhun_tribal_infantry_pl|Rhun Tribal Infantry
trp_rhun_vet_infantry|Rhun Veteran Infantryman
trp_rhun_vet_infantry_pl|Rhun Veteran Infantry
trp_infantry_of_the_ox|Infantryman of the Ox
trp_infantry_of_the_ox_pl|Infantry of the Ox
trp_rhun_light_horseman|Rhun Light Horseman
trp_rhun_light_horseman_pl|Rhun Light Horsemen
trp_rhun_light_cavalry|Rhun Light Cavalryman
trp_rhun_light_cavalry_pl|Rhun Light Cavalry
trp_rhun_noble_cavalry|Rhun Noble Cavalryman
trp_rhun_noble_cavalry_pl|Rhun Noble Cavalry
trp_rhun_heavy_noble_cavalry|Rhun Heavy Noble Cavalry
trp_rhun_heavy_noble_cavalry_pl|Rhun Heavy Noble Cavalry
trp_dorwinion_noble_of_rhun|Dorwinion Noble of Rhun
trp_dorwinion_noble_of_rhun_pl|Dorwinion Nobles of Rhun
trp_dwarven_apprentice|Apprentice-dwarf
trp_dwarven_apprentice_pl|Apprentice-dwarves
trp_dwarven_warrior|Warrior-dwarf
trp_dwarven_warrior_pl|Warrior-dwarves
trp_dwarven_hardened_warrior|Hardened Warrior-dwarf
trp_dwarven_hardened_warrior_pl|Hardened Warrior-dwarves
trp_dwarven_spearman|Spear-dwarf
trp_dwarven_spearman_pl|Spear-dwarves
trp_dwarven_pikeman|Pike-dwarf
trp_dwarven_pikeman_pl|Pike-dwarves
trp_dwarven_halberdier|Longpike Dwarf
trp_dwarven_halberdier_pl|Longpike Dwarves
trp_dwarven_axeman|Axedwarf
trp_dwarven_axeman_pl|Axedwarves
trp_dwarven_expert_axeman|Expert Axedwarf
trp_dwarven_expert_axeman_pl|Expert Axedwarves
trp_longbeard_axeman|Longbeard Axedwarf
trp_longbeard_axeman_pl|Longbeard Axedwarves
trp_dwarven_lookout|Lookout-dwarf
trp_dwarven_lookout_pl|Lookout-dwarves
trp_dwarven_scout|Scout-dwarf
trp_dwarven_scout_pl|Scout-dwarves
trp_dwarven_bowman|Bow-dwarf
trp_dwarven_bowman_pl|Bow-dwarves
trp_dwarven_archer|Archer-dwarf
trp_dwarven_archer_pl|Archer-dwarves
trp_marksman_of_ravenhill|Marks-dwarf of Ravenhill
trp_marksman_of_ravenhill_pl|Marks-dwarves of Ravenhill
trp_iron_hills_miner|Iron Hills Miner
trp_iron_hills_miner_pl|Iron Hills Miners
trp_iron_hills_infantry|Iron Hills Infantry
trp_iron_hills_infantry_pl|Iron Hills Infantry
trp_iron_hills_battle_infantry|Iron Hills Battle-dwarf
trp_iron_hills_battle_infantry_pl|Iron Hills Battle-dwarves
trp_grors_guard|Gror's Guard
trp_grors_guard_pl|Gror's Guards
trp_gondor_commoner|Gondor Levy
trp_gondor_commoner_pl|Gondor Levies
trp_gondor_militiamen|Gondor Watchman
trp_gondor_militiamen_pl|Gondor Watchmen
trp_footmen_of_gondor|Footman of Gondor
trp_footmen_of_gondor_pl|Footmen of Gondor
trp_gondor_spearmen|Spearman of Gondor
trp_gondor_spearmen_pl|Spearmen of Gondor
trp_gondor_veteran_spearmen|Veteran Spearman of Gondor
trp_gondor_veteran_spearmen_pl|Veteran Spearmen of Gondor
trp_guard_of_the_fountain_court|Guard of the Fountain Court
trp_guard_of_the_fountain_court_pl|Guards of the Fountain Court
trp_gondor_swordsmen|Swordsman of Gondor
trp_gondor_swordsmen_pl|Swordsmen of Gondor
trp_gondor_veteran_swordsmen|Veteran Swordsman of Gondor
trp_gondor_veteran_swordsmen_pl|Veteran Swordsmen of Gondor
trp_swordsmen_of_the_tower_guard|Swordsman of the Tower Guard
trp_swordsmen_of_the_tower_guard_pl|Swordsmen of the Tower Guard
trp_gondor_noblemen|Gondor Nobleman
trp_gondor_noblemen_pl|Gondor Noblemen
trp_squire_of_gondor|Squire of Gondor
trp_squire_of_gondor_pl|Squires of Gondor
trp_veteran_squire_of_gondor|Veteran Squire of Gondor
trp_veteran_squire_of_gondor_pl|Veteran Squires of Gondor
trp_knight_of_gondor|Knight of Gondor
trp_knight_of_gondor_pl|Knights of Gondor
trp_veteran_knight_of_gondor|Veteran Knight of Gondor
trp_veteran_knight_of_gondor_pl|Veteran Knights of Gondor
trp_knight_of_the_citadel|Knight of the Citadel
trp_knight_of_the_citadel_pl|Knights of the Citadel
trp_bowmen_of_gondor|Bowman of Gondor
trp_bowmen_of_gondor_pl|Bowmen of Gondor
trp_archer_of_gondor|Archer of Gondor
trp_archer_of_gondor_pl|Archers of Gondor
trp_veteran_archer_of_gondor|Veteran Archer of Gondor
trp_veteran_archer_of_gondor_pl|Veteran Archers of Gondor
trp_archer_of_the_tower_guard|Archer of the Tower Guard
trp_archer_of_the_tower_guard_pl|Archers of the Tower Guard
trp_steward_guard|Steward's Guard
trp_steward_guard_pl|Steward's Guards
trp_ranger_of_ithilien|Ranger of Ithilien
trp_ranger_of_ithilien_pl|Rangers of Ithilien
trp_veteran_ranger_of_ithilien|Veteran Ranger of Ithilien
trp_veteran_ranger_of_ithilien_pl|Veteran Rangers of Ithilien
trp_master_ranger_of_ithilien|Master Ranger of Ithilien
trp_master_ranger_of_ithilien_pl|Master Rangers of Ithilien
trp_ithilien_leader|Captain of Ithilien Rangers
trp_ithilien_leader_pl|Captains of Ithilien Rangers
trp_woodsman_of_lossarnach|Woodsman of Lossarnach
trp_woodsman_of_lossarnach_pl|Woodsmen of Lossarnach
trp_axeman_of_lossarnach|Axeman of Lossarnach
trp_axeman_of_lossarnach_pl|Axemen of Lossarnach
trp_vet_axeman_of_lossarnach|Lossarnach Veteran Axeman
trp_vet_axeman_of_lossarnach_pl|Lossarnach Veteran Axemen
trp_heavy_lossarnach_axeman|Heavy Lossarnach Axeman
trp_heavy_lossarnach_axeman_pl|Heavy Lossarnach Axemen
trp_axemaster_of_lossarnach|Axemaster of Lossarnach
trp_axemaster_of_lossarnach_pl|Axemasters of Lossarnach
trp_lossarnach_leader|Captain of Lossarnach
trp_lossarnach_leader_pl|Captains of Lossarnach
trp_pelargir_watchman|Pelargir Watchman
trp_pelargir_watchman_pl|Pelargir Watchmen
trp_pelargir_marine|Pelargir Marine
trp_pelargir_marine_pl|Pelargir Marines
trp_pelargir_vet_marine|Pelargir Veteran Marine
trp_pelargir_vet_marine_pl|Pelargir Veteran Marine
trp_pelargir_infantry|Pelargir Infantryman
trp_pelargir_infantry_pl|Pelargir Infantrymen
trp_pelargir_vet_infantry|Pelargir Veteran Infantryman
trp_pelargir_vet_infantry_pl|Pelargir Veteran Infantrymen
trp_pelargir_leader|Captain of Pelargir
trp_pelargir_leader_pl|Captains of Pelargir
trp_pelargir_marine_leader|Captain of Pelargir Marines
trp_pelargir_marine_leader_pl|Captains of Pelargir Marine
trp_clansman_of_lamedon|Clansman of Lamedon
trp_clansman_of_lamedon_pl|Clansmen of Lamedon
trp_footman_of_lamedon|Footman of Lamedon
trp_footman_of_lamedon_pl|Footmen of Lamedon
trp_veteran_of_lamedon|Veteran of Lamedon
trp_veteran_of_lamedon_pl|Veterans of Lamedon
trp_warrior_of_lamedon|Warrior of Lamedon
trp_warrior_of_lamedon_pl|Warriors of Lamedon
trp_champion_of_lamedon|Champion of Lamedon
trp_champion_of_lamedon_pl|Champions of Lamedon
trp_knight_of_lamedon|Knight of Lamedon
trp_knight_of_lamedon_pl|Knights of Lamedon
trp_lamedon_leader|Captain of Lamedon
trp_lamedon_leader_pl|Captains of Lamedon
trp_pinnath_gelin_plainsman|Plainsman of Pinnath Gelin
trp_pinnath_gelin_plainsman_pl|Plainsmen of Pinnath Gelin
trp_pinnath_gelin_spearman|Spearman of Pinnath Gelin
trp_pinnath_gelin_spearman_pl|Spearmen of Pinnath Gelin
trp_warrior_of_pinnath_gelin|Warrior of Pinnath Gelin
trp_warrior_of_pinnath_gelin_pl|Warriors of Pinnath Gelin
trp_pinnath_gelin_bowman|Bowman of Pinnath Gelin
trp_pinnath_gelin_bowman_pl|Bowmen of Pinnath Gelin
trp_pinnath_gelin_archer|Archer of Pinnath Gelin
trp_pinnath_gelin_archer_pl|Archers of Pinnath Gelin
trp_pinnath_leader|Captain of Pinnath Gelin
trp_pinnath_leader_pl|Captains of Pinnath Gelin
trp_blackroot_vale_archer|Hunter of Blackroot Vale
trp_blackroot_vale_archer_pl|Hunter of Blackroot Vale
trp_veteran_blackroot_vale_archer|Bowman of Blackroot Vale
trp_veteran_blackroot_vale_archer_pl|Bowmen of Blackroot Vale
trp_master_blackroot_vale_archer|Archer of Blackroot Vale
trp_master_blackroot_vale_archer_pl|Archers of Blackroot Vale
trp_footman_of_blackroot_vale|Footman of Blackroot Vale
trp_footman_of_blackroot_vale_pl|Footmen of Blackroot Vale
trp_spearman_of_blackroot_vale|Spearman of Blackroot Vale
trp_spearman_of_blackroot_vale_pl|Spearmen of Blackroot Vale
trp_blackroot_leader|Captain of Blackroot Vale
trp_blackroot_leader_pl|Captains of Blackroot Vale
trp_dol_amroth_youth|Dol Amroth Recruit
trp_dol_amroth_youth_pl|Dol Amroth Recruits
trp_squire_of_dol_amroth|Squire of Dol Amroth
trp_squire_of_dol_amroth_pl|Squires of Dol Amroth
trp_veteran_squire_of_dol_amroth|Veteran Squire of Dol Amroth
trp_veteran_squire_of_dol_amroth_pl|Veteran Squires of Dol Amroth
trp_knight_of_dol_amroth|Knight of Dol Amroth
trp_knight_of_dol_amroth_pl|Knights of Dol Amroth
trp_veteran_knight_of_dol_amroth|Veteran Knight of Dol Amroth
trp_veteran_knight_of_dol_amroth_pl|Veteran Knights of Dol Amroth
trp_swan_knight_of_dol_amroth|Swan Knight of Dol Amroth
trp_swan_knight_of_dol_amroth_pl|Swan Knights of Dol Amroth
trp_dol_amroth_leader|Captain of Dol Amroth
trp_dol_amroth_leader_pl|Captains of Dol Amroth
trp_lothlorien_scout|Lothlorien Scout
trp_lothlorien_scout_pl|Lothlorien Scouts
trp_lothlorien_veteran_scout|Lothlorien Veteran Scout
trp_lothlorien_veteran_scout_pl|Lothlorien Veteran Scouts
trp_lothlorien_archer|Lothlorien Archer
trp_lothlorien_archer_pl|Lothlorien Archers
trp_lothlorien_veteran_archer|Lothlorien Veteran Archer
trp_lothlorien_veteran_archer_pl|Lothlorien Veteran Archers
trp_lothlorien_master_archer|Lothlorien Master Archer
trp_lothlorien_master_archer_pl|Lothlorien Master Archers
trp_galadhrim_royal_archer|Galadhrim Royal Archer
trp_galadhrim_royal_archer_pl|Galadhrim Royal Archers
trp_galadhrim_royal_marksman|Galadhrim Royal Marksman
trp_galadhrim_royal_marksman_pl|Galadhrim Royal Marksmen
trp_noldorin_mounted_archer|Noldorin Mounted Archer
trp_noldorin_mounted_archer_pl|Noldorin Mounted Archers
trp_lothlorien_infantry|Lothlorien Infantry
trp_lothlorien_infantry_pl|Lothlorien Infantry
trp_lothlorien_veteran_infantry|Lothlorien Veteran Infantry
trp_lothlorien_veteran_infantry_pl|Lothlorien Veteran Infantry
trp_lothlorien_elite_infantry|Lothlorien Elite Infantry
trp_lothlorien_elite_infantry_pl|Lothlorien Elite Infantry
trp_galadhrim_royal_swordsman|Galadhrim Royal Swordsman
trp_galadhrim_royal_swordsman_pl|Galadhrim Royal Swordsmen
trp_lothlorien_warden|Lothlorien Warden
trp_lothlorien_warden_pl|Lothlorien Wardens
trp_lothlorien_veteran_warden|Lothlorien Veteran Warden
trp_lothlorien_veteran_warden_pl|Lothlorien Veteran Wardens
trp_galadhrim_royal_warden|Galadhrim Royal Warden
trp_galadhrim_royal_warden_pl|Galadhrim Royal Wardens
trp_lothlorien_standard_bearer|Lothlorien Standard Bearer
trp_lothlorien_standard_bearer_pl|Lothlorien Standard Bearers
trp_greenwood_scout|Greenwood Scout
trp_greenwood_scout_pl|Greenwood Scouts
trp_greenwood_veteran_scout|Greenwood Veteran Scout
trp_greenwood_veteran_scout_pl|Greenwood Veteran Scouts
trp_greenwood_archer|Greenwood Bowman
trp_greenwood_archer_pl|Greenwood Bowmen
trp_greenwood_veteran_archer|Greenwood Archer
trp_greenwood_veteran_archer_pl|Greenwood Archers
trp_greenwood_master_archer|Greenwood Veteran Archer
trp_greenwood_master_archer_pl|Greenwood Veteran Archers
trp_thranduils_royal_marksman|Thranduil's Royal Marksman
trp_thranduils_royal_marksman_pl|Thranduil's Royal Marksmen
trp_greenwood_sentinel|Greenwood Sentinel
trp_greenwood_sentinel_pl|Greenwood Sentinels
trp_greenwood_vet_sentinel|Greenwood Veteran Sentinel
trp_greenwood_vet_sentinel_pl|Greenwood Veteran Sentinels
trp_mirkwood_guardsman|Greenwood Guardsman
trp_mirkwood_guardsman_pl|Greenwood Guardsmen
trp_greenwood_spearman|Greenwood Infantry
trp_greenwood_spearman_pl|Greenwood Infantry
trp_greenwood_veteran_spearman|Greenwood Veteran Infantry
trp_greenwood_veteran_spearman_pl|Greenwood Veteran Infantry
trp_greenwood_royal_spearman|Greenwood Elite Infantry
trp_greenwood_royal_spearman_pl|Greenwood Elite Infantry
trp_thranduils_royal_swordsman|Thranduil's Royal Swordsman
trp_thranduils_royal_swordsman_pl|Thranduil's Royal Swordsmen
trp_thranduils_spearman|Thranduil's Royal Spearman
trp_thranduils_spearman_pl|Thranduil's Royal Spearmen
trp_greenwood_standard_bearer|Greenwood Standard Bearer
trp_greenwood_standard_bearer_pl|Greenwood Standard Bearers
trp_rivendell_scout|Rivendell Scout
trp_rivendell_scout_pl|Rivendell Scouts
trp_rivendell_veteran_scout|Rivendell Veteran Scout
trp_rivendell_veteran_scout_pl|Rivendell Veteran Scouts
trp_rivendell_sentinel|Rivendell Sentinel
trp_rivendell_sentinel_pl|Rivendell Sentinels
trp_rivendell_veteran_sentinel|Rivendell Veteran Sentinel
trp_rivendell_veteran_sentinel_pl|Rivendell Veteran Sentinels
trp_rivendell_elite_sentinel|Rivendell Elite Sentinel
trp_rivendell_elite_sentinel_pl|Rivendell Elite Sentinels
trp_rivendell_guardian|Rivendell Guardian
trp_rivendell_guardian_pl|Rivendell Guardians
trp_rivendell_infantry|Rivendell Infantry
trp_rivendell_infantry_pl|Rivendell Infantry
trp_rivendell_veteran_infantry|Rivendell Veteran Infantry
trp_rivendell_veteran_infantry_pl|Rivendell Veteran Infantry
trp_rivendell_elite_infantry|Rivendell Elite Infantry
trp_rivendell_elite_infantry_pl|Rivendell Elite Infantry
trp_rivendell_royal_infantry|Rivendell Royal Infantry
trp_rivendell_royal_infantry_pl|Rivendell Royal Infantry
trp_rivendell_cavalry|Rivendell Cavalry
trp_rivendell_cavalry_pl|Rivendell Cavalry
trp_knight_of_rivendell|Knight of Rivendell
trp_knight_of_rivendell_pl|Knights of Rivendell
trp_rivendell_standard_bearer|Rivendell Standard Bearer
trp_rivendell_standard_bearer_pl|Rivendell Standard Bearers
trp_dunedain_scout|Dunedain Scout
trp_dunedain_scout_pl|Dunedain Scouts
trp_dunedain_trained_scout|Dunedain Tracker
trp_dunedain_trained_scout_pl|Dunedain Trackers
trp_arnor_man_at_arms|Arnor Man at Arms
trp_arnor_man_at_arms_pl|Arnor Men at Arms
trp_arnor_master_at_arms|Arnor Master at Arms
trp_arnor_master_at_arms_pl|Arnor Masters at Arms
trp_high_swordsman_of_arnor|High Swordsman of Arnor
trp_high_swordsman_of_arnor_pl|High Swordsmen of Arnor
trp_arnor_horsemen|Arnor Horseman
trp_arnor_horsemen_pl|Arnor Horsemen
trp_knight_of_arnor|Knight of Arnor
trp_knight_of_arnor_pl|Knights of Arnor
trp_dunedain_ranger|Dunedain Ranger
trp_dunedain_ranger_pl|Dunedain Rangers
trp_dunedain_veteran_ranger|Dunedain Veteran Ranger
trp_dunedain_veteran_ranger_pl|Dunedain Veteran Rangers
trp_dunedain_master_ranger|Dunedain Master Ranger
trp_dunedain_master_ranger_pl|Dunedain Master Rangers
trp_rohan_youth|Rohan Youth
trp_rohan_youth_pl|Rohan Youths
trp_guardsman_of_rohan|Guardsman of Rohan
trp_guardsman_of_rohan_pl|Guardsmen of Rohan
trp_footman_of_rohan|Footman of Rohan
trp_footman_of_rohan_pl|Footmen of Rohan
trp_veteran_footman_of_rohan|Veteran Footman of Rohan
trp_veteran_footman_of_rohan_pl|Veteran Footmen of Rohan
trp_elite_footman_of_rohan|Elite Footman of Rohan
trp_elite_footman_of_rohan_pl|Elite Footmen of Rohan
trp_folcwine_guard_of_rohan|Folcwine Guard of Rohan
trp_folcwine_guard_of_rohan_pl|Folcwine Guards of Rohan
trp_raider_of_rohan|Frealaf Raider
trp_raider_of_rohan_pl|Frealaf Raiders
trp_heavy_swordsman_of_rohan|Heavy Swordsman of Rohan
trp_heavy_swordsman_of_rohan_pl|Heavy Swordsmen of Rohan
trp_warden_of_methuseld|Warden of Methuseld
trp_warden_of_methuseld_pl|Wardens of Methuseld
trp_skirmisher_of_rohan|Skirmisher of Rohan
trp_skirmisher_of_rohan_pl|Skirmishers of Rohan
trp_veteran_skirmisher_of_rohan|Veteran Skirmisher of Rohan
trp_veteran_skirmisher_of_rohan_pl|Veteran Skirmishers of Rohan
trp_elite_skirmisher_of_rohan|Elite Skirmisher of Rohan
trp_elite_skirmisher_of_rohan_pl|Elite Skirmishers of Rohan
trp_thengel_guard_of_rohan|Thengel Guard of Rohan
trp_thengel_guard_of_rohan_pl|Thengel Guards of Rohan
trp_lancer_of_rohan|Lancer of Rohan
trp_lancer_of_rohan_pl|Lancers of Rohan
trp_elite_lancer_of_rohan|Elite Lancer of Rohan
trp_elite_lancer_of_rohan_pl|Elite Lancers of Rohan
trp_brego_guard_of_rohan|Brego Guard of Rohan
trp_brego_guard_of_rohan_pl|Brego Guards of Rohan
trp_king_s_man_of_rohan|King's Guard
trp_king_s_man_of_rohan_pl|King's Guards
trp_squire_of_rohan|Squire of Rohan
trp_squire_of_rohan_pl|Squires of Rohan
trp_rider_of_rohan|Rider of Rohan
trp_rider_of_rohan_pl|Riders of Rohan
trp_veteran_rider_of_rohan|Veteran Rider of Rohan
trp_veteran_rider_of_rohan_pl|Veteran Riders of Rohan
trp_elite_rider_of_rohan|Elite Rider of Rohan
trp_elite_rider_of_rohan_pl|Elite Riders of Rohan
trp_eorl_guard_of_rohan|Eorl Guard of Rohan
trp_eorl_guard_of_rohan_pl|Eorl Guards of Rohan
trp_dismounted_skirmisher_of_rohan|Skirmisher of Rohan
trp_dismounted_skirmisher_of_rohan_pl|Skirmishers of Rohan
trp_dismounted_veteran_skirmisher_of_rohan|Veteran Skirmisher of Rohan
trp_dismounted_veteran_skirmisher_of_rohan_pl|Veteran Skirmishers of Rohan
trp_dismounted_elite_skirmisher_of_rohan|Elite Skirmisher of Rohan
trp_dismounted_elite_skirmisher_of_rohan_pl|Elite Skirmishers of Rohan
trp_dismounted_thengel_guard_of_rohan|Thengel Guard of Rohan
trp_dismounted_thengel_guard_of_rohan_pl|Thengel Guards of Rohan
trp_harad_desert_warrior|Harad Levy
trp_harad_desert_warrior_pl|Harad Levies
trp_harad_infantry|Harad Light Infantry
trp_harad_infantry_pl|Harad Light Infantry
trp_harad_veteran_infantry|Harad Spearman
trp_harad_veteran_infantry_pl|Harad Spearmen
trp_harad_tiger_guard|Tiger Guard
trp_harad_tiger_guard_pl|Tiger Guards
trp_harad_swordsman|Harad Swordsman
trp_harad_swordsman_pl|Harad Swordsmen
trp_harad_lion_guard|Lion Guard
trp_harad_lion_guard_pl|Lion Guards
trp_harad_skirmisher|Harad Skirmisher
trp_harad_skirmisher_pl|Harad Skirmishers
trp_harad_archer|Harad Archer
trp_harad_archer_pl|Harad Archers
trp_harad_eagle_guard|Eagle Guard
trp_harad_eagle_guard_pl|Eagle Guards
trp_harondor_scout|Harondor Scout
trp_harondor_scout_pl|Harondor Scouts
trp_harondor_rider|Harondor Rider
trp_harondor_rider_pl|Harondor Riders
trp_harondor_light_cavalry|Harondor Light Cavalry
trp_harondor_light_cavalry_pl|Harondor Light Cavalry
trp_fang_heavy_cavalry|Fang Heavy Cavalry
trp_fang_heavy_cavalry_pl|Fang Heavy Cavalry
trp_harad_horse_archer|Harad Horse Archer
trp_harad_horse_archer_pl|Harad Horse Archers
trp_black_snake_horse_archer|Black Snake Horse Archer
trp_black_snake_horse_archer_pl|Black Snake Horse Archers
trp_gold_serpent_horse_archer|Gold Serpent Horse Archer
trp_gold_serpent_horse_archer_pl|Gold Serpent Horse Archers
trp_far_harad_tribesman|Far Harad Tribesman
trp_far_harad_tribesman_pl|Far Harad Tribesmen
trp_far_harad_champion|Far Harad Champion
trp_far_harad_champion_pl|Far Harad Champions
trp_far_harad_panther_guard|Panther Guard
trp_far_harad_panther_guard_pl|Panther Guards
trp_dunnish_wildman|Dunnish Wildman
trp_dunnish_wildman_pl|Dunnish Wildmen
trp_dunnish_warrior|Dunnish Warrior
trp_dunnish_warrior_pl|Dunnish Warriors
trp_dunnish_pikeman|Dunnish Pikeman
trp_dunnish_pikeman_pl|Dunnish Pikemen
trp_dunnish_veteran_pikeman|Dunnish Veteran Pikeman
trp_dunnish_veteran_pikeman_pl|Dunnish Veteran Pikemen
trp_dunnish_raven_rider|Dunnish Raven Rider
trp_dunnish_raven_rider_pl|Dunnish Raven Riders
trp_dunnish_vet_warrior|Dunnish Veteran Warrior
trp_dunnish_vet_warrior_pl|Dunnish Veteran Warriors
trp_dunnish_wolf_warrior|Dunnish Wolf Warrior
trp_dunnish_wolf_warrior_pl|Dunnish Wolf Warriors
trp_dunnish_wolf_guard|Dunnish Wolf Guard
trp_dunnish_wolf_guard_pl|Dunnish Wolf Guards
trp_dunnish_chieftan|Dunnish Chieftain
trp_dunnish_chieftan_pl|Dunnish Chieftains
trp_easterling_youth|Variag Bondsman
trp_easterling_youth_pl|Variag Bondsmen
trp_easterling_warrior|Warrior of Khand
trp_easterling_warrior_pl|Warriors of Khand
trp_easterling_axeman|Variag Axeman
trp_easterling_axeman_pl|Variag Axemen
trp_easterling_veteran_axeman|Variag Veteran Axeman
trp_easterling_veteran_axeman_pl|Variag Veteran Axemen
trp_easterling_axe_master|Variag Axe Master
trp_easterling_axe_master_pl|Variag Axe Masters
trp_easterling_rider|Variag Pony Rider
trp_easterling_rider_pl|Variag Pony Riders
trp_easterling_horseman|Variag Horseman
trp_easterling_horseman_pl|Variag Horsemen
trp_easterling_veteran_horseman|Variag Heavy Horseman
trp_easterling_veteran_horseman_pl|Variag Heavy Horsemen
trp_easterling_horsemaster|Variag Kataphrakt
trp_easterling_horsemaster_pl|Variag Kataphrakts
trp_easterling_lance_kataphract|Variag Lance Kataphrakt
trp_easterling_lance_kataphract_pl|Variag Lance Kataphrakts
trp_khand_glaive_whirler|Khand Blade Whirler
trp_khand_glaive_whirler_pl|Khand Blade Whirlers
trp_variag_veteran_glaive_whirler|Khand Veteran Blade Whirler
trp_variag_veteran_glaive_whirler_pl|Khand Veteran Blade Whirlers
trp_khand_glaive_master|Khand Halberd Master
trp_khand_glaive_master_pl|Khand Halberd Masters
trp_variag_pitfighter|Variag Pitfighter
trp_variag_pitfighter_pl|Variag Pitfighters
trp_variag_gladiator|Variag Berserker
trp_variag_gladiator_pl|Variag Berserkers
trp_easterling_skirmisher|Variag Skirmisher
trp_easterling_skirmisher_pl|Variag Skirmishers
trp_easterling_veteran_skirmisher|Variag Veteran Skirmisher
trp_easterling_veteran_skirmisher_pl|Variag Veteran Skirmishers
trp_easterling_elite_skirmisher|Variag Heavy Skirmisher
trp_easterling_elite_skirmisher_pl|Variag Heavy Skirmishers
trp_corsair_youth|Umbar Sailor
trp_corsair_youth_pl|Umbar Sailors
trp_corsair_warrior|Umbar Warrior
trp_corsair_warrior_pl|Umbar Warriors
trp_corsair_pikeman|Pikeman of Umbar
trp_corsair_pikeman_pl|Pikemen of Umbar
trp_corsair_veteran_raider|Corsair Veteran Raider
trp_corsair_veteran_raider_pl|Corsair Veteran Raiders
trp_corsair_night_raider|Corsair Night Raider
trp_corsair_night_raider_pl|Corsair Night Raiders
trp_militia_of_umbar|Umbar Militiaman
trp_militia_of_umbar_pl|Umbar Militia
trp_marksman_of_umbar|Skirmisher of Umbar
trp_marksman_of_umbar_pl|Skirmishers of Umbar
trp_veteran_marksman_of_umbar|Veteran Skirmisher of Umbar
trp_veteran_marksman_of_umbar_pl|Veteran Skirmishers of Umbar
trp_master_marksman_of_umbar|Corsair Master Skirmisher
trp_master_marksman_of_umbar_pl|Corsair Master Skirmishers
trp_corsair_marauder|Swordsman of Umbar
trp_corsair_marauder_pl|Swordsmen of Umbar
trp_corsair_veteran_marauder|Veteran Swordsman of Umbar
trp_corsair_veteran_marauder_pl|Veteran Swordsmen of Umbar
trp_corsair_elite_marauder|Corsair Swordmaster
trp_corsair_elite_marauder_pl|Corsair Swordmasters
trp_assassin_of_umbar|Assassin of Umbar
trp_assassin_of_umbar_pl|Assassins of Umbar
trp_master_assassin_of_umbar|Corsair Assassin
trp_master_assassin_of_umbar_pl|Corsair Assassins
trp_pikeman_of_umbar|Pikeman of Umbar
trp_pikeman_of_umbar_pl|Pikemen of Umbar
trp_veteran_pikeman_of_umbar|Veteran Pikeman of Umbar
trp_veteran_pikeman_of_umbar_pl|Veteran Pikemen of Umbar
trp_pike_master_of_umbar|Corsair Pike Master
trp_pike_master_of_umbar_pl|Corsair Pike Masters
trp_orc_snaga_of_isengard|Orc Snaga of Isengard
trp_orc_snaga_of_isengard_pl|Orc Snagas of Isengard
trp_orc_of_isengard|Orc of Isengard
trp_orc_of_isengard_pl|Orcs of Isengard
trp_large_orc_of_isengard|Large Orc of Isengard
trp_large_orc_of_isengard_pl|Large Orcs of Isengard
trp_fell_orc_of_isengard|Fell Orc of Isengard
trp_fell_orc_of_isengard_pl|Fell Orcs of Isengard
trp_large_orc_despoiler|Large Orc Despoiler
trp_large_orc_despoiler_pl|Large Orc Despoilers
trp_fell_orc_despoiler|Fell Orc Despoiler
trp_fell_orc_despoiler_pl|Fell Orc Despoilers
trp_wolf_rider_of_isengard|Wolf Rider of Isengard
trp_wolf_rider_of_isengard_pl|Wolf Riders of Isengard
trp_warg_rider_of_isengard|Warg Rider of Isengard
trp_warg_rider_of_isengard_pl|Warg Riders of Isengard
trp_white_hand_rider|White Hand Rider
trp_white_hand_rider_pl|White Hand Riders
trp_warg_ghost_1b|Warg
trp_warg_ghost_1b_pl|Wargs
trp_warg_ghost_1c|Warg
trp_warg_ghost_1c_pl|Wargs
trp_warg_ghost_1d|Warg
trp_warg_ghost_1d_pl|Wargs
trp_warg_ghost_a1b|Warg
trp_warg_ghost_a1b_pl|Wargs
trp_warg_ghost_a1c|Armored Warg
trp_warg_ghost_a1c_pl|Armored Wargs
trp_warg_ghost_a2b|Armored Warg
trp_warg_ghost_a2b_pl|Armored Wargs
trp_warg_ghost_a2c|Armored Warg
trp_warg_ghost_a2c_pl|Armored Wargs
trp_warg_ghost_a3a|Armored Warg
trp_warg_ghost_a3a_pl|Armored Wargs
trp_warg_ghost_h|Huge Warg
trp_warg_ghost_h_pl|Huge Wargs
trp_uruk_hai_tracker|Uruk Hai Tracker
trp_uruk_hai_tracker_pl|Uruk Hai Trackers
trp_large_uruk_hai_tracker|Large Uruk Hai Tracker
trp_large_uruk_hai_tracker_pl|Large Uruk Hai Trackers
trp_fighting_uruk_hai_tracker|Fighting Uruk Hai Tracker
trp_fighting_uruk_hai_tracker_pl|Fighting Uruk Hai Trackers
trp_fighting_uruk_hai_berserker|Fighting Uruk Hai Berserker
trp_fighting_uruk_hai_berserker_pl|Fighting Uruk Hai Berserkers
trp_uruk_snaga_of_isengard|Uruk Hai Newborn
trp_uruk_snaga_of_isengard_pl|Uruk Hai Newborns
trp_uruk_hai_of_isengard|Uruk Hai of Isengard
trp_uruk_hai_of_isengard_pl|Uruk Hai of Isengard
trp_large_uruk_hai_of_isengard|Large Uruk Hai of Isengard
trp_large_uruk_hai_of_isengard_pl|Large Uruk Hai of Isengard
trp_fighting_uruk_hai_warrior|Fighting Uruk Hai Warrior
trp_fighting_uruk_hai_warrior_pl|Fighting Uruk Hai Warriors
trp_fighting_uruk_hai_champion|Fighting Uruk Hai Champion
trp_fighting_uruk_hai_champion_pl|Fighting Uruk Hai Champions
trp_uruk_hai_pikeman|Uruk Hai Pikeman
trp_uruk_hai_pikeman_pl|Uruk Hai Pikemen
trp_fighting_uruk_hai_pikeman|Fighting Uruk Hai Pikeman
trp_fighting_uruk_hai_pikeman_pl|Fighting Uruk Hai Pikemen
trp_urukhai_standard_bearer|Uruk Hai Standard Bearer
trp_urukhai_standard_bearer_pl|Uruk Hai Standard Bearers
trp_uruk_snaga_of_mordor|Uruk Snaga of Mordor
trp_uruk_snaga_of_mordor_pl|Uruk Snagas of Mordor
trp_uruk_of_mordor|Uruk of Mordor
trp_uruk_of_mordor_pl|Uruks of Mordor
trp_large_uruk_of_mordor|Large Uruk of Mordor
trp_large_uruk_of_mordor_pl|Large Uruks of Mordor
trp_fell_uruk_of_mordor|Fell Uruk of Mordor
trp_fell_uruk_of_mordor_pl|Fell Uruks of Mordor
trp_uruk_slayer_of_mordor|Uruk Slayer of Mordor
trp_uruk_slayer_of_mordor_pl|Uruk Slayers of Mordor
trp_fell_uruk_slayer_of_mordor|Fell Uruk Slayer of Mordor
trp_fell_uruk_slayer_of_mordor_pl|Fell Uruk Slayers of Mordor
trp_black_uruk_of_barad_dur|Black Uruk of Barad Dur
trp_black_uruk_of_barad_dur_pl|Black Uruks of Barad Dur
trp_uruk_mordor_standard_bearer|Mordor Standard Bearer
trp_uruk_mordor_standard_bearer_pl|Mordor Standard Bearers
trp_troll_of_moria|Troll of Moria
trp_troll_of_moria_pl|Trolls of Moria
trp_armoured_troll|Armored Troll
trp_armoured_troll_pl|Armored Trolls
trp_olog_hai|Olog Hai of Mordor
trp_olog_hai_pl|Olog Hai of Mordor
trp_ent|Ent
trp_ent_pl|Ents
trp_orc_snaga_of_guldur|Orc Snaga of Guldur
trp_orc_snaga_of_guldur_pl|Orc Snagas of Guldur
trp_orc_of_guldur|Orc of Guldur
trp_orc_of_guldur_pl|Orcs of Guldur
trp_orc_snaga_of_mordor|Orc Snaga of Mordor
trp_orc_snaga_of_mordor_pl|Orc Snagas of Mordor
trp_orc_of_mordor|Orc of Mordor
trp_orc_of_mordor_pl|Orcs of Mordor
trp_large_orc_of_mordor|Large Orc of Mordor
trp_large_orc_of_mordor_pl|Large Orcs of Mordor
trp_fell_orc_of_mordor|Fell Orc of Mordor
trp_fell_orc_of_mordor_pl|Fell Orcs of Mordor
trp_warg_rider_of_gorgoroth|Warg Rider of Gorgoroth
trp_warg_rider_of_gorgoroth_pl|Warg Riders of Gorgoroth
trp_great_warg_rider_of_mordor|Great Warg Rider of Udun
trp_great_warg_rider_of_mordor_pl|Great Warg Riders of Udun
trp_morgul_orc|Morgul Orc
trp_morgul_orc_pl|Morgul Orcs
trp_fell_morgul_orc|Fell Morgul Orc
trp_fell_morgul_orc_pl|Fell Morgul Orcs
trp_orc_tracker_of_mordor|Orc Tracker of Mordor
trp_orc_tracker_of_mordor_pl|Orc Trackers of Mordor
trp_fell_orc_tracker_of_mordor|Fell Orc Tracker of Mordor
trp_fell_orc_tracker_of_mordor_pl|Fell Orc Trackers of Mordor
trp_orc_archer_of_mordor|Orc Archer of Mordor
trp_orc_archer_of_mordor_pl|Orc Archers of Mordor
trp_large_orc_archer_of_mordor|Large Orc Archer of Mordor
trp_large_orc_archer_of_mordor_pl|Large Orc Archers of Mordor
trp_fell_orc_archer_of_mordor|Fell Orc Archer of Mordor
trp_fell_orc_archer_of_mordor_pl|Fell Orc Archers of Mordor
trp_wolf_rider_of_moria|Wolf Rider of Moria
trp_wolf_rider_of_moria_pl|Wolf Riders of Moria
trp_warg_rider_of_moria|Warg Rider of Moria
trp_warg_rider_of_moria_pl|Warg Riders of Moria
trp_bolg_clan_rider|Bolg Clan Rider
trp_bolg_clan_rider_pl|Bolg Clan Riders
trp_snaga_of_moria|Snaga of Moria
trp_snaga_of_moria_pl|Snagas of Moria
trp_goblin_of_moria|Goblin of Moria
trp_goblin_of_moria_pl|Goblins of Moria
trp_large_goblin_of_moria|Large Goblin of Moria
trp_large_goblin_of_moria_pl|Large Goblins of Moria
trp_fell_goblin_of_moria|Fell Goblin of Moria
trp_fell_goblin_of_moria_pl|Fell Goblins of Moria
trp_archer_snaga_of_moria|Archer Snaga of Moria
trp_archer_snaga_of_moria_pl|Archer Snagas of Moria
trp_large_goblin_archer_of_moria|Large Goblin Archer of Moria
trp_large_goblin_archer_of_moria_pl|Large Goblin Archers of Moria
trp_fell_goblin_archer_of_moria|Fell Goblin Archer of Moria
trp_fell_goblin_archer_of_moria_pl|Fell Goblin Archers of Moria
trp_goblin_gundabad|Gundabad Goblin
trp_goblin_gundabad_pl|Gundabad Goblins
trp_orc_gundabad|Gundabad Orc
trp_orc_gundabad_pl|Gundabad Orcs
trp_orc_fighter_gundabad|Gundabad Orc Fighter
trp_orc_fighter_gundabad_pl|Gundabad Orc Fighters
trp_fell_orc_warrior_gundabad|Gundabad Fell Orc Warrior
trp_fell_orc_warrior_gundabad_pl|Gundabad Fell Orc Warriors
trp_goblin_bowmen_gundabad|Goblin Shooter of the North
trp_goblin_bowmen_gundabad_pl|Goblin Shooters of the North
trp_keen_eyed_goblin_archer_gundabad|Keen-Eyed Goblin Archer of the North
trp_keen_eyed_goblin_archer_gundabad_pl|Keen-Eyed Goblin Archers of the North
trp_fell_goblin_archer_gundabad|Fell Goblin Archer of the North
trp_fell_goblin_archer_gundabad_pl|Fell Goblin Archers of the North
trp_goblin_rider_gundabad|Gundabad Goblin Rider
trp_goblin_rider_gundabad_pl|Gundabad Goblin Riders
trp_warg_rider_gundabad|Gundabad Warg Rider
trp_warg_rider_gundabad_pl|Gundabad Warg Riders
trp_goblin_north_clan_rider|Goblin North Clan Rider
trp_goblin_north_clan_rider_pl|Goblin North Clan Riders
trp_mountain_goblin|Mountain Goblin
trp_mountain_goblin_pl|Mountain Goblins
trp_tribal_orc|Tribal Orc
trp_tribal_orc_pl|Tribal Orcs
trp_tribal_orc_warrior|Tribal Orc Warrior
trp_tribal_orc_warrior_pl|Tribal Orc Warriors
trp_tribal_orc_chief|Tribal Orc Chief
trp_tribal_orc_chief_pl|Tribal Orc Chiefs
trp_black_numenorean_renegade|Black Numenorean Renegade
trp_black_numenorean_renegade_pl|Black Numenorean Renegades
trp_black_numenorean_warrior|Black Numenorean Warrior
trp_black_numenorean_warrior_pl|Black Numenorean Warriors
trp_black_numenorean_veteran_warrior|Black Numenorean Veteran Warrior
trp_black_numenorean_veteran_warrior_pl|Black Numenorean Veteran Warriors
trp_black_numenorean_champion|Black Numenorean Champion
trp_black_numenorean_champion_pl|Black Numenorean Champions
trp_black_numenorean_assassin|Black Numenorean Assassin
trp_black_numenorean_assassin_pl|Black Numenorean Assassins
trp_black_numenorean_veteran_horseman|Black Numenorean Horseman
trp_black_numenorean_veteran_horseman_pl|Black Numenorean Horsemen
trp_black_numenorean_horsemaster|Black Numenorean Horsemaster
trp_black_numenorean_horsemaster_pl|Black Numenorean Horsemasters
trp_noldorin_commander|Noldorin Commander
trp_noldorin_commander_pl|Noldorin Commanders
trp_elf_captain_of_lothlorien|Elf Captain of Lothlorien
trp_elf_captain_of_lothlorien_pl|Elf Captains of Lothlorien
trp_lothlorien_lieutenant|Lothlorien Lieutenant
trp_lothlorien_lieutenant_pl|Lothlorien Lieutenants
trp_elf_captain_of_mirkwood|Elf Captain of Greenwood
trp_elf_captain_of_mirkwood_pl|Elf Captains of Greenwood
trp_mirkwood_lieutenant|Greenwood Lieutenant
trp_mirkwood_lieutenant_pl|Greenwood Lieutenants
trp_elf_captain_of_rivendell|Elf Captain of Rivendell
trp_elf_captain_of_rivendell_pl|Elf Captains of Rivendell
trp_rivendell_lieutenant|Rivendell Lieutenant
trp_rivendell_lieutenant_pl|Rivendell Lieutenants
trp_lieutenant_of_rohan|Lieutenant of Rohan
trp_lieutenant_of_rohan_pl|Lieutenants of Rohan
trp_captain_of_rohan|Captain of Rohan
trp_captain_of_rohan_pl|Captains of Rohan
trp_high_captain_of_rohan|High Captain of Rohan
trp_high_captain_of_rohan_pl|High Captains of Rohan
trp_lieutenant_of_isengard|Lieutenant of Isengard
trp_lieutenant_of_isengard_pl|Lieutenants of Isengard
trp_captain_of_isengard|Captain of Isengard
trp_captain_of_isengard_pl|Captains of Isengard
trp_high_captain_of_isengard|High Captain of Isengard
trp_high_captain_of_isengard_pl|High Captains of Isengard
trp_lieutenant_of_mordor|Lieutenant of Mordor
trp_lieutenant_of_mordor_pl|Lieutenants of Mordor
trp_captain_of_mordor|Captain of Mordor
trp_captain_of_mordor_pl|Captains of Mordor
trp_high_captain_of_mordor|High Captain of Mordor
trp_high_captain_of_mordor_pl|High Captains of Mordor
trp_easterling_chieftain|Variag Chieftain
trp_easterling_chieftain_pl|Variag Chieftains
trp_easterling_lieutenant|Variag War Priest
trp_easterling_lieutenant_pl|Variag War Priests
trp_harad_chieftain|Harad Chieftain
trp_harad_chieftain_pl|Harad Chieftains
trp_harad_lieutenant|Harad Lieutenant
trp_harad_lieutenant_pl|Harad Lieutenants
trp_black_numenorean_captain|Black Numenorean Captain
trp_black_numenorean_captain_pl|Black Numenorean Captains
trp_black_numenorean_lieutenant|Black Numenorean Lieutenant
trp_black_numenorean_lieutenant_pl|Black Numenorean Lieutenants
trp_dunnish_chieftain|Dunnish Chieftain
trp_dunnish_chieftain_pl|Dunnish Chieftains
trp_dunnish_lieutenant|Dunnish Hetman
trp_dunnish_lieutenant_pl|Dunnish Hetmen
trp_goblin_chieftain|Goblin Chieftain
trp_goblin_chieftain_pl|Goblin Chieftains
trp_captain_of_gondor|Captain of Gondor
trp_captain_of_gondor_pl|Captains of Gondor
trp_nobleman|Nobleman
trp_nobleman_pl|Noblemen
trp_gondor_agent|Gondor Agent
trp_gondor_agent_pl|Gondor Agents
trp_rohan_agent|Rohan Agent
trp_rohan_agent_pl|Rohan Agents
trp_mordor_agent|Mordor Agent
trp_mordor_agent_pl|Mordor Agents
trp_isengard_agent|Isengard Agent
trp_isengard_agent_pl|Isengard Agents
trp_looter|Looter
trp_looter_pl|Looters
trp_bandit|Bandit
trp_bandit_pl|Bandits
trp_brigand|Brigand
trp_brigand_pl|Brigands
trp_mountain_bandit|Mountain Bandit
trp_mountain_bandit_pl|Mountain Bandits
trp_forest_bandit|Forest Bandit
trp_forest_bandit_pl|Forest Bandits
trp_sea_raider|Sea Raider
trp_sea_raider_pl|Sea Raiders
trp_steppe_bandit|Steppe Bandit
trp_steppe_bandit_pl|Steppe Bandits
trp_manhunter|Manhunter
trp_manhunter_pl|Manhunters
trp_kidnapped_girl|Kidnapped Girl
trp_kidnapped_girl_pl|Kidnapped Girls
trp_refugee|Refugee
trp_refugee_pl|Refugees
trp_peasant_woman|Peasant Woman
trp_peasant_woman_pl|Peasant Women
trp_caravan_master|Caravan Master
trp_caravan_master_pl|Caravan Masters
trp_caravan_guard|Caravan Guard
trp_caravan_guard_pl|Caravan Guards
trp_messenger_man|Messenger
trp_messenger_man_pl|Messengers
trp_messenger_elf|Messenger
trp_messenger_elf_pl|Messengers
trp_messenger_dwarf|Messenger
trp_messenger_dwarf_pl|Messengers
trp_messenger_orc|Messenger
trp_messenger_orc_pl|Messengers
trp_messenger_evil_man|Messenger
trp_messenger_evil_man_pl|Messengers
trp_town_walker_1|Townsman
trp_town_walker_1_pl|Townsmen
trp_town_walker_2|Townswoman
trp_town_walker_2_pl|Townswomen
trp_village_walker_1|Villager
trp_village_walker_1_pl|Villagers
trp_village_walker_2|Villager
trp_village_walker_2_pl|Villagers
trp_spy_walker_1|Townsman
trp_spy_walker_1_pl|Townsmen
trp_spy_walker_2|Townswoman
trp_spy_walker_2_pl|Townswomen
trp_walker_man_gondor_black|Townsman
trp_walker_man_gondor_white|Townsman
trp_walker_man_gondor_blue|Townsman
trp_walker_man_gondor_green|Townsman
trp_walker_man_rohan_t|Rohan Townsman
trp_walker_man_rohan_d|Rohan Townsman
trp_walker_woman_rohan_t|Rohan Maiden
trp_walker_woman_rohan_d|Rohan Maiden
trp_walker_woman_gondor_b|Gondor Woman
trp_walker_woman_gondor_bw|Gondor Woman
trp_walker_woman_gondor_w|Gondor Noble
trp_ramun_the_slave_trader|Ramun the slave trader
trp_guide|Quick Jimmy
trp_galeas|Galeas
trp_farmer_from_bandit_village|Farmer
trp_farmer_from_bandit_village_pl|Farmers
trp_trainer_1|Trainer
trp_trainer_2|Trainer
trp_trainer_3|Trainer
trp_trainer_4|Trainer
trp_trainer_gondor|Trainer
trp_trainer_rohan|Trainer
trp_trainer_dale|Trainer
trp_trainer_elf|Trainer
trp_trainer_beorn|Trainer
trp_trainer_dwarf|Trainer
trp_trainer_mordor|Trainer
trp_trainer_isengard|Trainer
trp_trainer_khand|Trainer
trp_trainer_rhun|Trainer
trp_trainer_harad|Trainer
trp_trainer_umbar|Trainer
trp_ransom_broker_1|Ransom Broker
trp_ransom_broker_2|Ransom Broker
trp_ransom_broker_3|Ransom Broker
trp_ransom_broker_4|Ransom Broker
trp_ransom_broker_5|Ransom Broker
trp_ransom_broker_6|Ransom Broker
trp_ransom_broker_7|Ransom Broker
trp_ransom_broker_8|Ransom Broker
trp_ransom_broker_9|Ransom Broker
trp_ransom_broker_10|Ransom Broker
trp_tavern_traveler_1|Traveller
trp_tavern_traveler_2|Traveller
trp_tavern_traveler_3|Traveller
trp_tavern_traveler_4|Traveller
trp_tavern_traveler_5|Traveller
trp_tavern_traveler_6|Traveller
trp_tavern_traveler_7|Traveller
trp_tavern_traveler_8|Traveller
trp_tavern_traveler_9|Traveller
trp_tavern_traveler_10|Traveller
trp_tavern_minstrel_1|Minstrel
trp_npc1|Mablung
trp_npc2|Cirdil
trp_npc3|Ulfas
trp_npc4|Galmyne
trp_npc5|Glorfindel
trp_npc6|Luevanna
trp_npc7|Kili Goldfinger
trp_npc8|Faniul
trp_npc9|Gulm
trp_npc10|Durgash
trp_npc11|Ufthak
trp_npc12|Gorbag
trp_npc13|Lykyada
trp_npc14|Fuldimir
trp_npc15|Bolzog
trp_npc16|Varfang
trp_npc17|Dimborn
trp_gondor_lord|Steward Denethor
trp_gondor_lord_pl|Steward
trp_rohan_lord|King Theoden
trp_rohan_lord_pl|King
trp_isengard_lord|Saruman
trp_isengard_lord_pl|Master
trp_mordor_lord|Mouth of Sauron
trp_mordor_lord_pl|Satrap
trp_harad_lord|Chief Ul-Ulcari
trp_harad_lord_pl|Chief
trp_rhun_lord|Jarl Helcaroth
trp_rhun_lord_pl|Jarl
trp_khand_lord|Shibh Krukmahur
trp_khand_lord_pl|Shibh
trp_umbar_lord|Admiral Tulmir
trp_umbar_lord_pl|Admiral
trp_lorien_lord|Lady Galadriel
trp_lorien_lord_pl|Lady
trp_imladris_lord|Lord Elrond
trp_imladris_lord_pl|Lord
trp_woodelf_lord|King Thranduil
trp_woodelf_lord_pl|King
trp_moria_lord|Master Bolg the Lesser
trp_moria_lord_pl|Master
trp_guldur_lord|Master Fuinur
trp_guldur_lord_pl|Master
trp_gundabad_lord|Master Burza Krual
trp_gundabad_lord_pl|Master
trp_dale_lord|King Brand
trp_dale_lord_pl|King
trp_dwarf_lord|King Dain II Ironfoot
trp_dwarf_lord_pl|King
trp_dunland_lord|Chief Daeglaf the Black
trp_dunland_lord_pl|Chief
trp_beorn_lord|Chief Grimbeorn the Old
trp_beorn_lord_pl|Chief
trp_lorien_marshall|Celeborn
trp_pippin_notmet|halfling
trp_merry_notmet|halfling
trp_pippin|Pippin
trp_merry|Merry
trp_knight_1_1|Angbor
trp_knight_1_2|Baranor
trp_knight_1_3|Prince Imrahil
trp_knight_1_4|Orthalion
trp_knight_1_5|Duinhir
trp_knight_1_6|Hirluin the Fair
trp_knight_1_7|Faramir
trp_knight_1_8|Forlong the Fat
trp_knight_1_9|Grimbold
trp_knight_1_10|Erkenbrand
trp_knight_1_11|Elfhelm
trp_knight_1_12|Hama
trp_knight_1_13|Gamling
trp_knight_1_14|Éomer
trp_knight_1_15|Ugluk
trp_knight_1_16|Mauhur
trp_knight_1_17|Mog the Seven-fingered
trp_knight_1_18|Hushnak Longshanks
trp_knight_1_19|Gridash the Tree-biter
trp_knight_1_20|Gronk the Man-eater
trp_knight_2_1|Captain Mortakh
trp_knight_2_2|Berúthiel
trp_knight_2_3|Skang
trp_knight_2_4|Pharakhâd The Bastard
trp_knight_2_5|Grishnakh
trp_knight_2_51|Gothmog
trp_knight_2_51_pl|Lieutenant
trp_knight_2_6|Chieftain Karna the Lion
trp_knight_2_7|Chieftain Na’man
trp_knight_2_8|Chieftain Haarith
trp_knight_2_11|Kusulak
trp_knight_2_12|Ulwarth the Balchoth
trp_knight_2_13|Brodda
trp_knight_2_16|Torask
trp_knight_2_17|Lurmsakun
trp_knight_3_1|Captain Morbir
trp_knight_3_2|Captain Angamaitë
trp_knight_3_3|Captain Sangahyando
trp_knight_3_6|Haldir
trp_knight_3_7|Orophin
trp_knight_3_11|Elladan
trp_knight_3_12|Elrohir
trp_knight_3_13|Halbarad
trp_knight_3_16|Miriel
trp_knight_3_17|Gladvaethor
trp_knight_4_1|Whip Snog
trp_knight_4_2|Whip Snotgor
trp_knight_4_6|General Tuskim
trp_knight_4_7|General Mugslag
trp_knight_4_11|Beranhelm
trp_knight_4_12|Beranor Blackfur
trp_knight_4_16|Whip Brolgukhsh
trp_knight_4_17|Whip Grumrunt
trp_knight_4_18|Whip Grimsob
trp_knight_5_1|Lord Halward
trp_knight_5_2|Lord Bard
trp_knight_5_3|Lord Esgarain
trp_knight_5_6|Fulgni Longbeard
trp_knight_5_7|Thorin Stonehelm
trp_knight_5_11|Chief Fudreim
trp_knight_5_12|Chief Wulf
trp_smith_mtirith|Berethor the Smith
trp_smith_mtirith_pl|Steward's smiths
trp_smith_pelargir|Hallatan Metalmaster
trp_smith_pelargir_pl|smithy
trp_smith_linhir|Bor the Armorer
trp_smith_linhir_pl|smithy
trp_smith_dolamroth|Haldad the Smith
trp_smith_dolamroth_pl|Amroth smiths
trp_smith_edhellond|Ryis Ironbender
trp_smith_edhellond_pl|smithy
trp_smith_lossarnach|Berin Axemaker
trp_smith_lossarnach_pl|smithy
trp_smith_tarnost|Harandil Steelhammer
trp_smith_tarnost_pl|smithy
trp_smith_erech|Lorne the Black
trp_smith_erech_pl|smithy
trp_smith_pinnath|Tarandil Swordmaker
trp_smith_pinnath_pl|smithy
trp_smith_eosgiliath|Bzurg the Looter
trp_smith_eosgiliath_pl|smithy
trp_smith_wosgiliath|Gardil
trp_smith_wosgiliath_pl|makeshift smithy
trp_smith_calembel|Agronom
trp_smith_calembel_pl|smithy
trp_smith_hannun|Fal the Ranger Smith
trp_smith_hannun_pl|ranger gear stash
trp_smith_candros|Kalimdor
trp_smith_candros_pl|smithy
trp_smith_edoras|Eaoden Steelmaster
trp_smith_edoras_pl|King's smithy
trp_smith_aldburg|Fulm Ironhoof
trp_smith_aldburg_pl|smithy
trp_smith_hornburg|Aldhelm
trp_smith_hornburg_pl|smithy
trp_smith_eastemnet|Eadfrid
trp_smith_eastemnet_pl|smithy
trp_smith_westfold|Deor Helmmaker
trp_smith_westfold_pl|smithy
trp_smith_westemnet|Armourer
trp_smith_westemnet_pl|smithy
trp_smith_eastfold|Eaderan Ironcarver
trp_smith_eastfold_pl|smithy
trp_smith_morannon|Hurbag Gateforger
trp_smith_morannon_pl|smithy
trp_smith_mmorgul|Orgurz Firebelcher
trp_smith_mmorgul_pl|smithy
trp_town_24_smith|Boz Ironspoiler
trp_town_24_smith_pl|smithy
trp_smith_orc_patrol|Glugz Ironfinger
trp_smith_orc_patrol_pl|camp smithy
trp_smith_oscamp|Kugash Ironlover
trp_smith_oscamp_pl|camp smithy
trp_smith_isengard|Burz Ironbasher
trp_smith_isengard_pl|underground smithy
trp_smith_uoutpost|Gurzuk Irontooth
trp_smith_uoutpost_pl|outpost smithy
trp_smith_uhcamp|Rabzug Rusteater
trp_smith_uhcamp_pl|camp smithy
trp_smith_urcamp|Glurk
trp_smith_urcamp_pl|camp smithy
trp_smith_cgaladhon|Dirufin the Bowyer
trp_smith_cgaladhon_pl|elven weaponmakers
trp_smith_cdolen|Dimirian the Fletcher
trp_smith_cdolen_pl|elven weaponmakers
trp_smith_camroth|Getasistan
trp_smith_camroth_pl|elven weaponmakers
trp_smith_thranduils_halls|Thurinor
trp_smith_thranduils_halls_pl|smithy
trp_smith_woodelf_camp|Calechir
trp_smith_woodelf_camp_pl|smithy
trp_smith_beorn|Beornalaf Axemaker
trp_smith_beorn_pl|smithy
trp_smith_moria|Burgak Forger
trp_smith_moria_pl|smithy
trp_smith_dale|Ardel Firehand
trp_smith_dale_pl|smithy
trp_smith_esgaroth|Kelegarn The Bowyer
trp_smith_esgaroth_pl|smithy
trp_smith_erebor|Thror the Hammerer
trp_smith_erebor_pl|praised Dwarven smiths
trp_smith_dunland|Dorrowuld Ironpike
trp_smith_dunland_pl|smithy
trp_smith_harad|Har Steelbender
trp_smith_harad_pl|smithy
trp_smith_khand|Pushurt The Haggler
trp_smith_khand_pl|smithy
trp_smith_umbar|Fuinir the Forger
trp_smith_umbar_pl|smithy
trp_smith_imladris|Duifirian
trp_smith_imladris_pl|elven weaponmakers
trp_smith_dolguldur|Shtazg Dulbash
trp_smith_dolguldur_pl|smithy
trp_smith_north_rhun|Ognjemir Kladivo
trp_smith_north_rhun_pl|makeshift smithy
trp_smith_gundabad|Blurg Snowseller
trp_smith_gundabad_pl|smithy
trp_smith_ironhill|Ironhill Smith
trp_smith_ironhill_pl|Dwarven camp smiths
trp_town_50_weaponsmith|Armourer
trp_town_50_weaponsmith_pl|smithy
trp_smith_gondor_ac|Bor the Armorer
trp_smith_gondor_ac_pl|camp smithy
trp_smith_rohan_ac|Deor Helmmaker
trp_smith_rohan_ac_pl|camp smithy
trp_smith_mordor_ac|Hurbag Gateforger
trp_smith_mordor_ac_pl|smithy
trp_smith_isengard_ac|Burz Ironbasher
trp_smith_isengard_ac_pl|underground smithy
trp_smith_lorien_ac|Dimirian the Fletcher
trp_smith_lorien_ac_pl|elven weaponmakers
trp_smith_woodelf_ac|Dhoelath
trp_smith_woodelf_ac_pl|smithy
trp_smith_dwarf_ac|Ironhill Smith
trp_smith_dwarf_ac_pl|Dwarven camp smiths
trp_smith_gundabad_ac|Blurg Snowseller
trp_smith_gundabad_ac_pl|smithy
trp_smith_rhun_ac|Branimir Bronnik
trp_smith_rhun_ac_pl|makeshift smithy
trp_smith_guldur_ac|Shtazg Dulbash
trp_smith_guldur_ac_pl|smithy
trp_smith_imladris_ac|Duifirian
trp_smith_imladris_ac_pl|elven weaponmakers
trp_smith_dunland_ac|Dorrowuld Ironpike
trp_smith_dunland_ac_pl|smithy
trp_smith_harad_ac|Har Steelbender
trp_smith_harad_ac_pl|smithy
trp_smith_khand_ac|Pushurt The Haggler
trp_smith_khand_ac_pl|smithy
trp_smith_umbar_ac|Fuinir the Forger
trp_smith_umbar_ac_pl|smithy
trp_barman_mtirith|Tavern Keeper
trp_barman_mtirith_pl|the Citadel
trp_barman_pelargir|Tavern Keeper
trp_barman_pelargir_pl|the Castle
trp_barman_linhir|Tavern Keeper
trp_barman_linhir_pl|the Castle
trp_barman_dolamroth|Tavern Keeper
trp_barman_dolamroth_pl|the Castle
trp_barman_edhellond|Tavern Keeper
trp_barman_edhellond_pl|the Castle
trp_barman_lossarnach|Tavern Keeper
trp_barman_lossarnach_pl|the Castle
trp_barman_tarnost|Tavern Keeper
trp_barman_tarnost_pl|the Castle
trp_barman_erech|Tavern Keeper
trp_barman_erech_pl|the Castle
trp_barman_pinnath|Tavern Keeper
trp_barman_pinnath_pl|the Castle
trp_barman_hannun|Tavern Keeper
trp_barman_hannun_pl|the Secret Cave
trp_barman_calembel|Tavern Keeper
trp_barman_calembel_pl|the Castle
trp_barman_edoras|Tavern Keeper
trp_barman_edoras_pl|Meduseld, the Golden Hall
trp_barman_aldburg|Tavern Keeper
trp_barman_aldburg_pl|the Castle
trp_barman_hornburg|Tavern Keeper
trp_barman_hornburg_pl|the Lord Halls
trp_barman_eastemnet|Tavern Keeper
trp_barman_eastemnet_pl|the Castle
trp_barman_westfold|Tavern Keeper
trp_barman_westfold_pl|the Castle
trp_barman_westemnet|Tavern Keeper
trp_barman_westemnet_pl|the Castle
trp_barman_eastfold|Tavern Keeper
trp_barman_eastfold_pl|the Castle
trp_barman_baraddur|Tavern Keeper
trp_barman_baraddur_pl|the Castle
trp_barman_morannon|Tavern Keeper
trp_barman_morannon_pl|the Leader's Cave
trp_barman_mmorgul|Tavern Keeper
trp_barman_mmorgul_pl|the Tower
trp_barman_cungol|Tavern Keeper
trp_barman_cungol_pl|the Castle
trp_barman_isengard|Tavern Keeper
trp_barman_isengard_pl|the tower of Orthanc
trp_barman_cgaladhon|Tavern Keeper
trp_barman_cgaladhon_pl|the Tree castle
trp_barman_cdolen|Tavern Keeper
trp_barman_cdolen_pl|the Tree castle
trp_barman_camroth|Tavern Keeper
trp_barman_camroth_pl|the Tree castle
trp_barman_thalls|Tavern Keeper
trp_barman_thalls_pl|the Throne Room
trp_barman_beorn|Tavern Keeper
trp_barman_beorn_pl|Beorn House
trp_barman_moria|Tavern Keeper
trp_barman_moria_pl|the Chief's Chamber
trp_barman_dale|Tavern Keeper
trp_barman_dale_pl|the Castle
trp_barman_esgaroth|Tavern Keeper
trp_barman_esgaroth_pl|the Hall
trp_barman_erebor|Tavern Keeper
trp_barman_erebor_pl|the Lord's Chamber
trp_barman_dolguldur|Tavern Keeper
trp_barman_dolguldur_pl|the Castle
trp_merchant_mtirith|Supply Master
trp_merchant_mtirith_pl|stable and warehouse
trp_merchant_pelargir|Supply Master
trp_merchant_pelargir_pl|stable and warehouse
trp_merchant_linhir|Supply Master
trp_merchant_linhir_pl|stable and warehouse
trp_merchant_dolamroth|Supply Master
trp_merchant_dolamroth_pl|stable and warehouse
trp_merchant_edhellond|Supply Master
trp_merchant_edhellond_pl|stable and warehouse
trp_merchant_lossarnach|Supply Master
trp_merchant_lossarnach_pl|stable and warehouse
trp_merchant_tarnost|Supply Master
trp_merchant_tarnost_pl|stable and warehouse
trp_merchant_erech|Supply Master
trp_merchant_erech_pl|stable and warehouse
trp_merchant_pinnath|Supply Master
trp_merchant_pinnath_pl|stable and warehouse
trp_merchant_eosgiliath|Supply Master
trp_merchant_eosgiliath_pl|stable and warehouse
trp_merchant_wosgiliath|Supply Master
trp_merchant_wosgiliath_pl|stable and warehouse
trp_town_12_horse_merchant|Supply Master
trp_town_12_horse_merchant_pl|stable and warehouse
trp_town_13_horse_merchant|Supply Master
trp_town_13_horse_merchant_pl|stable and warehouse
trp_merchant_edoras|Supply Maiden
trp_merchant_edoras_pl|stable and warehouse
trp_merchant_aldburg|Supply Master
trp_merchant_aldburg_pl|King's stable and warehouse
trp_merchant_hornburg|Supply Master
trp_merchant_hornburg_pl|stable and warehouse
trp_merchant_eastemnet|Supply Master
trp_merchant_eastemnet_pl|stable and warehouse
trp_merchant_westfold|Supply Maiden
trp_merchant_westfold_pl|stable and warehouse
trp_merchant_westemnet|Supply Maiden
trp_merchant_westemnet_pl|stable and warehouse
trp_merchant_eastfold|Supply Maiden
trp_merchant_eastfold_pl|stable and warehouse
trp_town_21_horse_merchant|Supply Master
trp_town_21_horse_merchant_pl|pit and warehouse
trp_merchant_morannon|Supply Master
trp_merchant_morannon_pl|pit and warehouse
trp_merchant_mmorgul|Supply Master
trp_merchant_mmorgul_pl|pit and warehouse
trp_town_24_horse_merchant|Supply Master
trp_town_24_horse_merchant_pl|pit and warehouse
trp_merchant_orc_patrol|Supply Master
trp_merchant_orc_patrol_pl|camp stash
trp_merchant_isengard|Supply Master
trp_merchant_isengard_pl|camp stash
trp_town_27_horse_merchant|Supply Master
trp_town_27_horse_merchant_pl|warg pit and supplies
trp_merchant_uoutpost|Supply Master
trp_merchant_uoutpost_pl|warg pit and supplies
trp_merchant_uhcamp|Supply Master
trp_merchant_uhcamp_pl|warg pit and supplies
trp_merchant_urcamp|Supply Master
trp_merchant_urcamp_pl|warg pit and supplies
trp_merchant_cgaladhon|Supply Master
trp_merchant_cgaladhon_pl|elven supplies
trp_merchant_cdolen|Supply Master
trp_merchant_cdolen_pl|elven supplies
trp_merchant_camroth|Supply Master
trp_merchant_camroth_pl|elven supplies
trp_merchant_thranduils_halls|Supply Master
trp_merchant_thranduils_halls_pl|elven supplies
trp_merchant_woodelf_camp|Supply Master
trp_merchant_woodelf_camp_pl|elven supplies
trp_merchant_woodmen|Supply Master
trp_merchant_woodmen_pl|stable and warehouse
trp_merchant_beorn|Supply Master
trp_merchant_beorn_pl|stable and warehouse
trp_merchant_moria|Supply Master
trp_merchant_moria_pl|warg pit and supplies
trp_merchant_dale|Supply Master
trp_merchant_dale_pl|stable and warehouse
trp_merchant_esgaroth|Supply Master
trp_merchant_esgaroth_pl|stable and warehouse
trp_merchant_erebor|Supply Master
trp_merchant_erebor_pl|Dwarven supplies
trp_merchant_dunland|Dun Stash Master
trp_merchant_dunland_pl|camp stash
trp_merchant_harad|Harad Stash Master
trp_merchant_harad_pl|camp stash
trp_merchant_khand|Khand Stash Master
trp_merchant_khand_pl|camp stash
trp_merchant_umbar|Supply Master
trp_merchant_umbar_pl|camp stash
trp_merchant_imladris|Supply Master
trp_merchant_imladris_pl|camp supplies
trp_merchant_dolguldur|Supply Master
trp_merchant_dolguldur_pl|stable and warehouse
trp_merchant_north_rhun|Supply Master
trp_merchant_north_rhun_pl|camp stash
trp_merchant_south_rhun|Supply Master
trp_merchant_south_rhun_pl|camp stash
trp_merchant_gundabad|Supply Master
trp_merchant_gundabad_pl|camp stash
trp_merchant_ironhill|Supply Master
trp_merchant_ironhill_pl|Dwarven supplies
trp_town_50_horse_merchant|Supply Master
trp_town_50_horse_merchant_pl|stable and warehouse
trp_merchant_calembel|Supply Master
trp_merchant_calembel_pl|stable and warehouse
trp_elder_mtirith|Tirith Guildmaster
trp_elder_mtirith_pl|the White City
trp_elder_pelargir|Sailor Guildmaster
trp_elder_pelargir_pl|the city
trp_elder_linhir|Linhir Guildmaster
trp_elder_linhir_pl|the city
trp_elder_dolamroth|Dol Amroth Guildmaster
trp_elder_dolamroth_pl|the city
trp_elder_edhellond|Edhellond Guildmaster
trp_elder_edhellond_pl|the city
trp_elder_lossarnach|Lossarnach Guildmaster
trp_elder_lossarnach_pl|the town
trp_elder_tarnost|Tarnost Guildmaster
trp_elder_tarnost_pl|the town
trp_elder_erech|Erech Guildmaster
trp_elder_erech_pl|the town
trp_elder_pinnath|Pinnath Tribe Elder
trp_elder_pinnath_pl|the town
trp_elder_ethring|Calembel Guildmaster
trp_elder_ethring_pl|the city
trp_elder_henneth|Ranger Guildmaster
trp_elder_henneth_pl|the hideout
trp_elder_cairandros|Cair Andros Guildmaster
trp_elder_cairandros_pl|the island fortress
trp_elder_edoras|Edoras Thain
trp_elder_edoras_pl|the city
trp_elder_aldburg|Aldburg Thain
trp_elder_aldburg_pl|the town
trp_elder_hornburg|Hornburg Thain
trp_elder_hornburg_pl|the fortress
trp_elder_eastemnet|East Emnet Thain
trp_elder_eastemnet_pl|the town
trp_elder_westfold|Westfold Thain
trp_elder_westfold_pl|the town
trp_elder_westemnet|West Emnet Thain
trp_elder_westemnet_pl|the town
trp_elder_eastfold|Eastfold Thain
trp_elder_eastfold_pl|the town
trp_elder_morannon|Morannon Chief
trp_elder_morannon_pl|the caves overlooking the Great Gate
trp_elder_mmorgul|Morgul Chief
trp_elder_mmorgul_pl|the sinister city
trp_elder_cungol|Camp Chief
trp_elder_cungol_pl|the camp
trp_elder_isengard|Grima Wormtongue
trp_elder_isengard_pl|the city
trp_elder_cgaladhon|Lorien Loremaster
trp_elder_cgaladhon_pl|the elven forest fortress
trp_elder_cdolen|Lorien Loremaster
trp_elder_cdolen_pl|the encampment
trp_elder_camroth|Lorien Loremaster
trp_elder_camroth_pl|the encampment
trp_elder_thalls|Mirkwood Elder
trp_elder_thalls_pl|the elven caves
trp_elder_imladris|Rivendell Campmaster
trp_elder_imladris_pl|the camp
trp_elder_wvillage|Pierre Woodman
trp_elder_wvillage_pl|the village
trp_elder_beorn|Beorn Elder
trp_elder_beorn_pl|the hamlet
trp_elder_harad|Harad Camp chief
trp_elder_harad_pl|the camp
trp_elder_rhun|Rhun Camp Chief
trp_elder_rhun_pl|the camp
trp_elder_khand|Khand Camp Chief
trp_elder_khand_pl|the camp
trp_elder_dunland|Dun Camp Chief
trp_elder_dunland_pl|the camp
trp_elder_umbar|Umbar Quartermaster
trp_elder_umbar_pl|the fortified camp
trp_elder_moria|Moria Chief
trp_elder_moria_pl|the Mines
trp_elder_gunda|Mater of the Caves
trp_elder_gunda_pl|the caves
trp_elder_dale|Dale Quartermaster
trp_elder_dale_pl|the city
trp_elder_esgaroth|Esgaroth Quartermaster
trp_elder_esgaroth_pl|the lake town
trp_elder_erebor|Erebor Guildmaster
trp_elder_erebor_pl|the Halls
trp_elder_dolguldur|Guldur Chief
trp_elder_dolguldur_pl|the black castle
trp_elder_gondor_ac|Campmaster
trp_elder_gondor_ac_pl|the camp
trp_elder_rohan_ac|Campmaster
trp_elder_rohan_ac_pl|the camp
trp_elder_mordor_ac|Campmaster
trp_elder_mordor_ac_pl|the camp
trp_elder_isengard_ac|Campmaster
trp_elder_isengard_ac_pl|the camp
trp_elder_lorien_ac|Campmaster
trp_elder_lorien_ac_pl|the camp
trp_elder_woodelf_ac|Campmaster
trp_elder_woodelf_ac_pl|the camp
trp_elder_imladris_ac|Campmaster
trp_elder_imladris_ac_pl|the camp
trp_elder_beorn_ac|Campmaster
trp_elder_beorn_ac_pl|the camp
trp_elder_harad_ac|Harad Camp Chief
trp_elder_harad_ac_pl|the camp
trp_elder_rhun_ac|Rhun Camp Chief
trp_elder_rhun_ac_pl|the camp
trp_elder_khand_ac|Khand Camp Chief
trp_elder_khand_ac_pl|the camp
trp_elder_dunland_ac|Dun Camp Chief
trp_elder_dunland_ac_pl|the camp
trp_elder_umbar_ac|Umbar Quartermaster
trp_elder_umbar_ac_pl|the camp
trp_elder_moria_ac|Moria Camp Chief
trp_elder_moria_ac_pl|the camp
trp_elder_gunda_ac|Gundabad Camp Chief
trp_elder_gunda_ac_pl|the camp
trp_elder_dale_ac|Dale Quartermaster
trp_elder_dale_ac_pl|the camp
trp_elder_guldur_ac|Guldur Camp Chief
trp_elder_guldur_ac_pl|the camp
trp_elder_dwarf_ac|Dwarven Campmaster
trp_elder_dwarf_ac_pl|the camp
trp_village_1_elder|Village Elder
trp_tutorial_chest_1|Melee Weapons Chest
trp_tutorial_chest_2|Ranged Weapons Chest
trp_bonus_chest_1|Bonus Chest
trp_bonus_chest_2|Bonus Chest
trp_bonus_chest_3|Bonus Chest
trp_camp_chest_faction|Faction Chest
trp_camp_chest_none|Chest for nones
trp_player_chest|Your Chest
trp_local_merchant|Local Merchant
trp_local_merchant_pl|Local Merchants
trp_tax_rebel|Peasant Rebel
trp_tax_rebel_pl|Peasant Rebels
trp_trainee_peasant|Peasant
trp_trainee_peasant_pl|Peasants
trp_fugitive_man|Suspicious Man
trp_fugitive_man_pl|Suspicious Men
trp_fugitive_elf|Suspicious Elf
trp_fugitive_elf_pl|Suspicious Elves
trp_fugitive_dwarf|Suspicious Dwarf
trp_fugitive_dwarf_pl|Suspicious Dwarves
trp_fugitive_orc|Suspicious Orc
trp_fugitive_orc_pl|Suspicious Orcs
trp_spy|Shifty-eyed Corsair
trp_spy_pl|Shifty-eyed Corsairs
trp_spy_evil|Shifty-eyed Southerner
trp_spy_evil_pl|Shifty-eyed Southerners
trp_spy_partner|Spy Handler
trp_spy_partner_pl|Spy Handlers
trp_spy_partner_evil|Spy Handler
trp_spy_partner_evil_pl|Spy Handlers
trp_easter_egg_troll|The Troll
trp_treebeard|Treebeard
trp_ent_1|Bregalad
trp_ent_2|Finglas
trp_ent_3|Fladrif
trp_gandalf|Gandalf
trp_gandalf_pl|Home-grown Gandalves
trp_nazgul|Nazgul
trp_nazgul_pl|Domesticated Nazgul
trp_quick_battle_6_player|quick battle 6 player
trp_barman|Barman
trp_elder|Center Elder
trp_gear_merchant|Gear Merchant
trp_goods_merchant|Goods Merchant
trp_start_quest_caravaneer|Torbal the Caravaneer
trp_dorwinion_bandit|Dorwinion Bandit
trp_dorwinion_bandit_pl|Dorwinion Bandits
trp_dorwinion_raider|Dorwinion Raider
trp_dorwinion_raider_pl|Dorwinion Raiders
trp_city_guard|City Guard
trp_city_guard_pl|city guard
trp_orc_sentry|Orc Sentry
trp_orc_sentry_pl|orc sentry
trp_uruk_hai_sentry|Uruk-hai Sentry
trp_uruk_hai_sentry_pl|uruk hai sentry
trp_black_numenorean_sorcerer|Black Numenorean Sorcerer
trp_black_numenorean_sorcerer_pl|Black numenorean sorcerer
trp_black_numenorean_acolyte|Black Numenorean Acolyte
trp_black_numenorean_acolyte_pl|Black Numenorean Acolytes
trp_wolf_rider_of_mirkwood|Wolf Rider of Mirkwood
trp_wolf_rider_of_mirkwood_pl|Wolf Riders of Mirkwood
trp_warg_rider_of_mirkwood|Warg Rider of Mirkwood
trp_warg_rider_of_mirkwood_pl|Warg Riders of Mirkwood
trp_gate_aggravator|Gate is holding
trp_orc_pretender|Orc Pretender
trp_human_prisoner|Human Prisoner
trp_spider|Mirkwood Spider
trp_spider_pl|Mirkwood Spiders
trp_bear|Bear
trp_bear_pl|Bears
trp_wolf|Wolf
trp_wolf_pl|Wolves